"rho","velocity:0","velocity:1","velocity:2","vtkValidPointMask","arc_length","Points:0","Points:1","Points:2"
1,2.4769e-06,2.0189e-12,0,1,0,49.5,0,0
1,9.3673e-06,1.8189e-12,0,1,0.099,49.5,0.099,0
1,1.6258e-05,1.619e-12,0,1,0.198,49.5,0.198,0
1,2.3148e-05,1.419e-12,0,1,0.297,49.5,0.297,0
1,3.0038e-05,1.2191e-12,0,1,0.396,49.5,0.396,0
1,3.6929e-05,1.0192e-12,0,1,0.495,49.5,0.495,0
1,4.3819e-05,8.1921e-13,0,1,0.594,49.5,0.594,0
1,5.071e-05,6.1926e-13,0,1,0.693,49.5,0.693,0
1,5.76e-05,4.1932e-13,0,1,0.792,49.5,0.792,0
1,6.449e-05,2.1938e-13,0,1,0.891,49.5,0.891,0
1,7.1381e-05,1.9433e-14,0,1,0.99,49.5,0.99,0
1,8.4769e-05,-8.4603e-16,0,1,1.089,49.5,1.089,0
1,9.8888e-05,-9.3808e-16,0,1,1.188,49.5,1.188,0
1,0.00011301,-1.0301e-15,0,1,1.287,49.5,1.287,0
1,0.00012713,-1.1222e-15,0,1,1.386,49.5,1.386,0
1,0.00014124,-1.2142e-15,0,1,1.485,49.5,1.485,0
1,0.00015536,-1.3063e-15,0,1,1.584,49.5,1.584,0
1,0.00016948,-1.3983e-15,0,1,1.683,49.5,1.683,0
1,0.0001836,-1.4904e-15,0,1,1.782,49.5,1.782,0
1,0.00019772,-1.5824e-15,0,1,1.881,49.5,1.881,0
1,0.00021184,-1.6745e-15,0,1,1.98,49.5,1.98,0
1,0.00022572,-1.7523e-15,0,1,2.079,49.5,2.079,0
1,0.00023954,-1.8265e-15,0,1,2.178,49.5,2.178,0
1,0.00025336,-1.9007e-15,0,1,2.277,49.5,2.277,0
1,0.00026719,-1.9749e-15,0,1,2.376,49.5,2.376,0
1,0.00028101,-2.0491e-15,0,1,2.475,49.5,2.475,0
1,0.00029483,-2.1232e-15,0,1,2.574,49.5,2.574,0
1,0.00030865,-2.1974e-15,0,1,2.673,49.5,2.673,0
1,0.00032248,-2.2716e-15,0,1,2.772,49.5,2.772,0
1,0.0003363,-2.3458e-15,0,1,2.871,49.5,2.871,0
1,0.00035012,-2.42e-15,0,1,2.97,49.5,2.97,0
1,0.00036373,-2.5373e-15,0,1,3.069,49.5,3.069,0
1,0.00037726,-2.6733e-15,0,1,3.168,49.5,3.168,0
1,0.00039079,-2.8093e-15,0,1,3.267,49.5,3.267,0
1,0.00040431,-2.9453e-15,0,1,3.366,49.5,3.366,0
1,0.00041784,-3.0814e-15,0,1,3.465,49.5,3.465,0
1,0.00043136,-3.2174e-15,0,1,3.564,49.5,3.564,0
1,0.00044489,-3.3534e-15,0,1,3.663,49.5,3.663,0
1,0.00045841,-3.4894e-15,0,1,3.762,49.5,3.762,0
1,0.00047194,-3.6254e-15,0,1,3.861,49.5,3.861,0
1,0.00048546,-3.7614e-15,0,1,3.96,49.5,3.96,0
1,0.00049881,-3.8753e-15,0,1,4.059,49.5,4.059,0
1,0.00051204,-3.9743e-15,0,1,4.158,49.5,4.158,0
1,0.00052527,-4.0732e-15,0,1,4.257,49.5,4.257,0
1,0.0005385,-4.1721e-15,0,1,4.356,49.5,4.356,0
1,0.00055173,-4.271e-15,0,1,4.455,49.5,4.455,0
1,0.00056496,-4.3699e-15,0,1,4.554,49.5,4.554,0
1,0.00057818,-4.4689e-15,0,1,4.653,49.5,4.653,0
1,0.00059141,-4.5678e-15,0,1,4.752,49.5,4.752,0
1,0.00060464,-4.6667e-15,0,1,4.851,49.5,4.851,0
1,0.00061787,-4.7656e-15,0,1,4.95,49.5,4.95,0
1,0.00063095,-4.885e-15,0,1,5.049,49.5,5.049,0
1,0.00064389,-5.0251e-15,0,1,5.148,49.5,5.148,0
1,0.00065682,-5.1652e-15,0,1,5.247,49.5,5.247,0
1,0.00066975,-5.3054e-15,0,1,5.346,49.5,5.346,0
1,0.00068268,-5.4455e-15,0,1,5.445,49.5,5.445,0
1,0.00069562,-5.5856e-15,0,1,5.544,49.5,5.544,0
1,0.00070855,-5.7258e-15,0,1,5.643,49.5,5.643,0
1,0.00072148,-5.8659e-15,0,1,5.742,49.5,5.742,0
1,0.00073441,-6.0061e-15,0,1,5.841,49.5,5.841,0
1,0.00074735,-6.1462e-15,0,1,5.94,49.5,5.94,0
1,0.00076016,-6.2544e-15,0,1,6.039,49.5,6.039,0
1,0.0007728,-6.3135e-15,0,1,6.138,49.5,6.138,0
1,0.00078543,-6.3726e-15,0,1,6.237,49.5,6.237,0
1,0.00079807,-6.4316e-15,0,1,6.336,49.5,6.336,0
1,0.00081071,-6.4907e-15,0,1,6.435,49.5,6.435,0
1,0.00082334,-6.5498e-15,0,1,6.534,49.5,6.534,0
1,0.00083598,-6.6089e-15,0,1,6.633,49.5,6.633,0
1,0.00084862,-6.6679e-15,0,1,6.732,49.5,6.732,0
1,0.00086125,-6.727e-15,0,1,6.831,49.5,6.831,0
1,0.00087389,-6.7861e-15,0,1,6.93,49.5,6.93,0
1,0.00088644,-6.8625e-15,0,1,7.029,49.5,7.029,0
1,0.00089878,-6.9806e-15,0,1,7.128,49.5,7.128,0
1,0.00091112,-7.0988e-15,0,1,7.227,49.5,7.227,0
1,0.00092346,-7.2169e-15,0,1,7.326,49.5,7.326,0
1,0.0009358,-7.3351e-15,0,1,7.425,49.5,7.425,0
1,0.00094814,-7.4533e-15,0,1,7.524,49.5,7.524,0
1,0.00096048,-7.5714e-15,0,1,7.623,49.5,7.623,0
1,0.00097282,-7.6896e-15,0,1,7.722,49.5,7.722,0
1,0.00098516,-7.8077e-15,0,1,7.821,49.5,7.821,0
1,0.0009975,-7.9259e-15,0,1,7.92,49.5,7.92,0
1,0.0010098,-8.0411e-15,0,1,8.019,49.5,8.019,0
1,0.0010218,-8.1442e-15,0,1,8.118,49.5,8.118,0
1,0.0010339,-8.2472e-15,0,1,8.217,49.5,8.217,0
1,0.0010459,-8.3503e-15,0,1,8.316,49.5,8.316,0
1,0.001058,-8.4533e-15,0,1,8.415,49.5,8.415,0
1,0.00107,-8.5564e-15,0,1,8.514,49.5,8.514,0
1,0.001082,-8.6594e-15,0,1,8.613,49.5,8.613,0
1,0.0010941,-8.7624e-15,0,1,8.712,49.5,8.712,0
1,0.0011061,-8.8655e-15,0,1,8.811,49.5,8.811,0
1,0.0011182,-8.9685e-15,0,1,8.91,49.5,8.91,0
1,0.0011302,-9.0742e-15,0,1,9.009,49.5,9.009,0
1,0.0011419,-9.2061e-15,0,1,9.108,49.5,9.108,0
1,0.0011537,-9.338e-15,0,1,9.207,49.5,9.207,0
1,0.0011654,-9.4699e-15,0,1,9.306,49.5,9.306,0
1,0.0011772,-9.6018e-15,0,1,9.405,49.5,9.405,0
1,0.0011889,-9.7337e-15,0,1,9.504,49.5,9.504,0
1,0.0012007,-9.8656e-15,0,1,9.603,49.5,9.603,0
1,0.0012124,-9.9974e-15,0,1,9.702,49.5,9.702,0
1,0.0012242,-1.0129e-14,0,1,9.801,49.5,9.801,0
1,0.0012359,-1.0261e-14,0,1,9.9,49.5,9.9,0
1,0.0012477,-1.0393e-14,0,1,9.999,49.5,9.999,0
1,0.0012591,-1.0471e-14,0,1,10.098,49.5,10.098,0
1,0.0012706,-1.0548e-14,0,1,10.197,49.5,10.197,0
1,0.001282,-1.0625e-14,0,1,10.296,49.5,10.296,0
1,0.0012935,-1.0701e-14,0,1,10.395,49.5,10.395,0
1,0.0013049,-1.0778e-14,0,1,10.494,49.5,10.494,0
1,0.0013164,-1.0855e-14,0,1,10.593,49.5,10.593,0
1,0.0013279,-1.0932e-14,0,1,10.692,49.5,10.692,0
1,0.0013393,-1.1009e-14,0,1,10.791,49.5,10.791,0
1,0.0013508,-1.1086e-14,0,1,10.89,49.5,10.89,0
1,0.0013622,-1.1163e-14,0,1,10.989,49.5,10.989,0
1,0.0013734,-1.1247e-14,0,1,11.088,49.5,11.088,0
1,0.0013846,-1.1333e-14,0,1,11.187,49.5,11.187,0
1,0.0013957,-1.1418e-14,0,1,11.286,49.5,11.286,0
1,0.0014069,-1.1503e-14,0,1,11.385,49.5,11.385,0
1,0.001418,-1.1588e-14,0,1,11.484,49.5,11.484,0
1,0.0014292,-1.1673e-14,0,1,11.583,49.5,11.583,0
1,0.0014403,-1.1758e-14,0,1,11.682,49.5,11.682,0
1,0.0014515,-1.1844e-14,0,1,11.781,49.5,11.781,0
1,0.0014627,-1.1929e-14,0,1,11.88,49.5,11.88,0
1,0.0014738,-1.2014e-14,0,1,11.979,49.5,11.979,0
1,0.0014847,-1.2113e-14,0,1,12.078,49.5,12.078,0
1,0.0014956,-1.2216e-14,0,1,12.177,49.5,12.177,0
1,0.0015065,-1.2319e-14,0,1,12.276,49.5,12.276,0
1,0.0015173,-1.2422e-14,0,1,12.375,49.5,12.375,0
1,0.0015282,-1.2525e-14,0,1,12.474,49.5,12.474,0
1,0.0015391,-1.2628e-14,0,1,12.573,49.5,12.573,0
1,0.0015499,-1.2731e-14,0,1,12.672,49.5,12.672,0
1,0.0015608,-1.2835e-14,0,1,12.771,49.5,12.771,0
1,0.0015716,-1.2938e-14,0,1,12.87,49.5,12.87,0
1,0.0015825,-1.3041e-14,0,1,12.969,49.5,12.969,0
1,0.0015932,-1.3144e-14,0,1,13.068,49.5,13.068,0
1,0.0016037,-1.3247e-14,0,1,13.167,49.5,13.167,0
1,0.0016143,-1.335e-14,0,1,13.266,49.5,13.266,0
1,0.0016249,-1.3453e-14,0,1,13.365,49.5,13.365,0
1,0.0016354,-1.3556e-14,0,1,13.464,49.5,13.464,0
1,0.001646,-1.3659e-14,0,1,13.563,49.5,13.563,0
1,0.0016566,-1.3762e-14,0,1,13.662,49.5,13.662,0
1,0.0016671,-1.3865e-14,0,1,13.761,49.5,13.761,0
1,0.0016777,-1.3968e-14,0,1,13.86,49.5,13.86,0
1,0.0016883,-1.4071e-14,0,1,13.959,49.5,13.959,0
1,0.0016986,-1.413e-14,0,1,14.058,49.5,14.058,0
1,0.0017089,-1.4157e-14,0,1,14.157,49.5,14.157,0
1,0.0017192,-1.4185e-14,0,1,14.256,49.5,14.256,0
1,0.0017295,-1.4212e-14,0,1,14.355,49.5,14.355,0
1,0.0017397,-1.424e-14,0,1,14.454,49.5,14.454,0
1,0.00175,-1.4267e-14,0,1,14.553,49.5,14.553,0
1,0.0017603,-1.4295e-14,0,1,14.652,49.5,14.652,0
1,0.0017705,-1.4322e-14,0,1,14.751,49.5,14.751,0
1,0.0017808,-1.435e-14,0,1,14.85,49.5,14.85,0
1,0.0017911,-1.4377e-14,0,1,14.949,49.5,14.949,0
1,0.0018012,-1.4431e-14,0,1,15.048,49.5,15.048,0
1,0.0018112,-1.4512e-14,0,1,15.147,49.5,15.147,0
1,0.0018212,-1.4593e-14,0,1,15.246,49.5,15.246,0
1,0.0018311,-1.4674e-14,0,1,15.345,49.5,15.345,0
1,0.0018411,-1.4755e-14,0,1,15.444,49.5,15.444,0
1,0.0018511,-1.4836e-14,0,1,15.543,49.5,15.543,0
1,0.0018611,-1.4917e-14,0,1,15.642,49.5,15.642,0
1,0.0018711,-1.4998e-14,0,1,15.741,49.5,15.741,0
1,0.001881,-1.5079e-14,0,1,15.84,49.5,15.84,0
1,0.001891,-1.516e-14,0,1,15.939,49.5,15.939,0
1,0.0019009,-1.5229e-14,0,1,16.038,49.5,16.038,0
1,0.0019106,-1.5277e-14,0,1,16.137,49.5,16.137,0
1,0.0019202,-1.5325e-14,0,1,16.236,49.5,16.236,0
1,0.0019299,-1.5373e-14,0,1,16.335,49.5,16.335,0
1,0.0019396,-1.5421e-14,0,1,16.434,49.5,16.434,0
1,0.0019493,-1.5469e-14,0,1,16.533,49.5,16.533,0
1,0.001959,-1.5517e-14,0,1,16.632,49.5,16.632,0
1,0.0019686,-1.5565e-14,0,1,16.731,49.5,16.731,0
1,0.0019783,-1.5613e-14,0,1,16.83,49.5,16.83,0
1,0.001988,-1.5661e-14,0,1,16.929,49.5,16.929,0
1,0.0019976,-1.5731e-14,0,1,17.028,49.5,17.028,0
1,0.002007,-1.5856e-14,0,1,17.127,49.5,17.127,0
1,0.0020164,-1.5981e-14,0,1,17.226,49.5,17.226,0
1,0.0020258,-1.6106e-14,0,1,17.325,49.5,17.325,0
1,0.0020351,-1.6231e-14,0,1,17.424,49.5,17.424,0
1,0.0020445,-1.6356e-14,0,1,17.523,49.5,17.523,0
1,0.0020539,-1.6481e-14,0,1,17.622,49.5,17.622,0
1,0.0020633,-1.6606e-14,0,1,17.721,49.5,17.721,0
1,0.0020727,-1.6731e-14,0,1,17.82,49.5,17.82,0
1,0.0020821,-1.6856e-14,0,1,17.919,49.5,17.919,0
1,0.0020914,-1.6969e-14,0,1,18.018,49.5,18.018,0
1,0.0021005,-1.7027e-14,0,1,18.117,49.5,18.117,0
1,0.0021096,-1.7085e-14,0,1,18.216,49.5,18.216,0
1,0.0021187,-1.7142e-14,0,1,18.315,49.5,18.315,0
1,0.0021278,-1.72e-14,0,1,18.414,49.5,18.414,0
1,0.0021369,-1.7258e-14,0,1,18.513,49.5,18.513,0
1,0.002146,-1.7315e-14,0,1,18.612,49.5,18.612,0
1,0.0021551,-1.7373e-14,0,1,18.711,49.5,18.711,0
1,0.0021641,-1.7431e-14,0,1,18.81,49.5,18.81,0
1,0.0021732,-1.7488e-14,0,1,18.909,49.5,18.909,0
1,0.0021823,-1.7548e-14,0,1,19.008,49.5,19.008,0
1,0.0021911,-1.7626e-14,0,1,19.107,49.5,19.107,0
1,0.0021999,-1.7704e-14,0,1,19.206,49.5,19.206,0
1,0.0022087,-1.7783e-14,0,1,19.305,49.5,19.305,0
1,0.0022175,-1.7861e-14,0,1,19.404,49.5,19.404,0
1,0.0022263,-1.7939e-14,0,1,19.503,49.5,19.503,0
1,0.0022351,-1.8018e-14,0,1,19.602,49.5,19.602,0
1,0.0022439,-1.8096e-14,0,1,19.701,49.5,19.701,0
1,0.0022527,-1.8174e-14,0,1,19.8,49.5,19.8,0
1,0.0022615,-1.8253e-14,0,1,19.899,49.5,19.899,0
1,0.0022703,-1.8331e-14,0,1,19.998,49.5,19.998,0
1,0.0022788,-1.8369e-14,0,1,20.097,49.5,20.097,0
1,0.0022873,-1.8406e-14,0,1,20.196,49.5,20.196,0
1,0.0022958,-1.8443e-14,0,1,20.295,49.5,20.295,0
1,0.0023043,-1.848e-14,0,1,20.394,49.5,20.394,0
1,0.0023128,-1.8517e-14,0,1,20.493,49.5,20.493,0
1,0.0023213,-1.8554e-14,0,1,20.592,49.5,20.592,0
1,0.0023298,-1.8591e-14,0,1,20.691,49.5,20.691,0
1,0.0023383,-1.8629e-14,0,1,20.79,49.5,20.79,0
1,0.0023468,-1.8666e-14,0,1,20.889,49.5,20.889,0
1,0.0023553,-1.8703e-14,0,1,20.988,49.5,20.988,0
1,0.0023636,-1.8775e-14,0,1,21.087,49.5,21.087,0
1,0.0023718,-1.8852e-14,0,1,21.186,49.5,21.186,0
1,0.00238,-1.8929e-14,0,1,21.285,49.5,21.285,0
1,0.0023882,-1.9006e-14,0,1,21.384,49.5,21.384,0
1,0.0023964,-1.9083e-14,0,1,21.483,49.5,21.483,0
1,0.0024046,-1.916e-14,0,1,21.582,49.5,21.582,0
1,0.0024128,-1.9237e-14,0,1,21.681,49.5,21.681,0
1,0.002421,-1.9313e-14,0,1,21.78,49.5,21.78,0
1,0.0024292,-1.939e-14,0,1,21.879,49.5,21.879,0
1,0.0024374,-1.9467e-14,0,1,21.978,49.5,21.978,0
1,0.0024454,-1.9473e-14,0,1,22.077,49.5,22.077,0
1,0.0024533,-1.9458e-14,0,1,22.176,49.5,22.176,0
1,0.0024613,-1.9442e-14,0,1,22.275,49.5,22.275,0
1,0.0024692,-1.9427e-14,0,1,22.374,49.5,22.374,0
1,0.0024771,-1.9412e-14,0,1,22.473,49.5,22.473,0
1,0.002485,-1.9397e-14,0,1,22.572,49.5,22.572,0
1,0.0024929,-1.9382e-14,0,1,22.671,49.5,22.671,0
1,0.0025008,-1.9367e-14,0,1,22.77,49.5,22.77,0
1,0.0025087,-1.9352e-14,0,1,22.869,49.5,22.869,0
1,0.0025167,-1.9337e-14,0,1,22.968,49.5,22.968,0
1,0.0025244,-1.9396e-14,0,1,23.067,49.5,23.067,0
1,0.002532,-1.9491e-14,0,1,23.166,49.5,23.166,0
1,0.0025396,-1.9586e-14,0,1,23.265,49.5,23.265,0
1,0.0025472,-1.968e-14,0,1,23.364,49.5,23.364,0
1,0.0025548,-1.9775e-14,0,1,23.463,49.5,23.463,0
1,0.0025625,-1.987e-14,0,1,23.562,49.5,23.562,0
1,0.0025701,-1.9965e-14,0,1,23.661,49.5,23.661,0
1,0.0025777,-2.006e-14,0,1,23.76,49.5,23.76,0
1,0.0025853,-2.0154e-14,0,1,23.859,49.5,23.859,0
1,0.002593,-2.0249e-14,0,1,23.958,49.5,23.958,0
1,0.0026004,-2.0311e-14,0,1,24.057,49.5,24.057,0
1,0.0026077,-2.035e-14,0,1,24.156,49.5,24.156,0
1,0.0026151,-2.0388e-14,0,1,24.255,49.5,24.255,0
1,0.0026224,-2.0427e-14,0,1,24.354,49.5,24.354,0
1,0.0026297,-2.0465e-14,0,1,24.453,49.5,24.453,0
1,0.002637,-2.0504e-14,0,1,24.552,49.5,24.552,0
1,0.0026444,-2.0542e-14,0,1,24.651,49.5,24.651,0
1,0.0026517,-2.0581e-14,0,1,24.75,49.5,24.75,0
1,0.002659,-2.0619e-14,0,1,24.849,49.5,24.849,0
1,0.0026663,-2.0658e-14,0,1,24.948,49.5,24.948,0
1,0.0026735,-2.0722e-14,0,1,25.047,49.5,25.047,0
1,0.0026806,-2.0814e-14,0,1,25.146,49.5,25.146,0
1,0.0026876,-2.0906e-14,0,1,25.245,49.5,25.245,0
1,0.0026946,-2.0998e-14,0,1,25.344,49.5,25.344,0
1,0.0027017,-2.109e-14,0,1,25.443,49.5,25.443,0
1,0.0027087,-2.1182e-14,0,1,25.542,49.5,25.542,0
1,0.0027157,-2.1274e-14,0,1,25.641,49.5,25.641,0
1,0.0027228,-2.1366e-14,0,1,25.74,49.5,25.74,0
1,0.0027298,-2.1458e-14,0,1,25.839,49.5,25.839,0
1,0.0027368,-2.155e-14,0,1,25.938,49.5,25.938,0
1,0.0027437,-2.1612e-14,0,1,26.037,49.5,26.037,0
1,0.0027505,-2.1625e-14,0,1,26.136,49.5,26.136,0
1,0.0027572,-2.1637e-14,0,1,26.235,49.5,26.235,0
1,0.002764,-2.1649e-14,0,1,26.334,49.5,26.334,0
1,0.0027707,-2.1662e-14,0,1,26.433,49.5,26.433,0
1,0.0027774,-2.1674e-14,0,1,26.532,49.5,26.532,0
1,0.0027842,-2.1687e-14,0,1,26.631,49.5,26.631,0
1,0.0027909,-2.1699e-14,0,1,26.73,49.5,26.73,0
1,0.0027977,-2.1711e-14,0,1,26.829,49.5,26.829,0
1,0.0028044,-2.1724e-14,0,1,26.928,49.5,26.928,0
1,0.002811,-2.1759e-14,0,1,27.027,49.5,27.027,0
1,0.0028175,-2.1855e-14,0,1,27.126,49.5,27.126,0
1,0.0028239,-2.1951e-14,0,1,27.225,49.5,27.225,0
1,0.0028304,-2.2047e-14,0,1,27.324,49.5,27.324,0
1,0.0028368,-2.2144e-14,0,1,27.423,49.5,27.423,0
1,0.0028433,-2.224e-14,0,1,27.522,49.5,27.522,0
1,0.0028497,-2.2336e-14,0,1,27.621,49.5,27.621,0
1,0.0028562,-2.2432e-14,0,1,27.72,49.5,27.72,0
1,0.0028626,-2.2528e-14,0,1,27.819,49.5,27.819,0
1,0.0028691,-2.2624e-14,0,1,27.918,49.5,27.918,0
1,0.0028754,-2.2705e-14,0,1,28.017,49.5,28.017,0
1,0.0028816,-2.2707e-14,0,1,28.116,49.5,28.116,0
1,0.0028878,-2.271e-14,0,1,28.215,49.5,28.215,0
1,0.0028939,-2.2713e-14,0,1,28.314,49.5,28.314,0
1,0.0029001,-2.2716e-14,0,1,28.413,49.5,28.413,0
1,0.0029062,-2.2718e-14,0,1,28.512,49.5,28.512,0
1,0.0029124,-2.2721e-14,0,1,28.611,49.5,28.611,0
1,0.0029185,-2.2724e-14,0,1,28.71,49.5,28.71,0
1,0.0029247,-2.2727e-14,0,1,28.809,49.5,28.809,0
1,0.0029308,-2.2729e-14,0,1,28.908,49.5,28.908,0
1,0.0029369,-2.2741e-14,0,1,29.007,49.5,29.007,0
1,0.0029428,-2.2873e-14,0,1,29.106,49.5,29.106,0
1,0.0029487,-2.3005e-14,0,1,29.205,49.5,29.205,0
1,0.0029545,-2.3137e-14,0,1,29.304,49.5,29.304,0
1,0.0029604,-2.3269e-14,0,1,29.403,49.5,29.403,0
1,0.0029662,-2.3401e-14,0,1,29.502,49.5,29.502,0
1,0.0029721,-2.3533e-14,0,1,29.601,49.5,29.601,0
1,0.0029779,-2.3664e-14,0,1,29.7,49.5,29.7,0
1,0.0029838,-2.3796e-14,0,1,29.799,49.5,29.799,0
1,0.0029897,-2.3928e-14,0,1,29.898,49.5,29.898,0
1,0.0029955,-2.406e-14,0,1,29.997,49.5,29.997,0
1,0.0030011,-2.4083e-14,0,1,30.096,49.5,30.096,0
1,0.0030067,-2.4102e-14,0,1,30.195,49.5,30.195,0
1,0.0030122,-2.4121e-14,0,1,30.294,49.5,30.294,0
1,0.0030178,-2.414e-14,0,1,30.393,49.5,30.393,0
1,0.0030234,-2.416e-14,0,1,30.492,49.5,30.492,0
1,0.0030289,-2.4179e-14,0,1,30.591,49.5,30.591,0
1,0.0030345,-2.4198e-14,0,1,30.69,49.5,30.69,0
1,0.00304,-2.4217e-14,0,1,30.789,49.5,30.789,0
1,0.0030456,-2.4237e-14,0,1,30.888,49.5,30.888,0
1,0.0030512,-2.4256e-14,0,1,30.987,49.5,30.987,0
1,0.0030565,-2.4345e-14,0,1,31.086,49.5,31.086,0
1,0.0030618,-2.4446e-14,0,1,31.185,49.5,31.185,0
1,0.003067,-2.4546e-14,0,1,31.284,49.5,31.284,0
1,0.0030723,-2.4646e-14,0,1,31.383,49.5,31.383,0
1,0.0030776,-2.4747e-14,0,1,31.482,49.5,31.482,0
1,0.0030828,-2.4847e-14,0,1,31.581,49.5,31.581,0
1,0.0030881,-2.4947e-14,0,1,31.68,49.5,31.68,0
1,0.0030934,-2.5048e-14,0,1,31.779,49.5,31.779,0
1,0.0030987,-2.5148e-14,0,1,31.878,49.5,31.878,0
1,0.0031039,-2.5248e-14,0,1,31.977,49.5,31.977,0
1,0.003109,-2.5246e-14,0,1,32.076,49.5,32.076,0
1,0.0031139,-2.5213e-14,0,1,32.175,49.5,32.175,0
1,0.0031189,-2.518e-14,0,1,32.274,49.5,32.274,0
1,0.0031239,-2.5147e-14,0,1,32.373,49.5,32.373,0
1,0.0031289,-2.5114e-14,0,1,32.472,49.5,32.472,0
1,0.0031339,-2.5081e-14,0,1,32.571,49.5,32.571,0
1,0.0031388,-2.5048e-14,0,1,32.67,49.5,32.67,0
1,0.0031438,-2.5015e-14,0,1,32.769,49.5,32.769,0
1,0.0031488,-2.4982e-14,0,1,32.868,49.5,32.868,0
1,0.0031538,-2.4949e-14,0,1,32.967,49.5,32.967,0
1,0.0031586,-2.501e-14,0,1,33.066,49.5,33.066,0
1,0.0031632,-2.5117e-14,0,1,33.165,49.5,33.165,0
1,0.0031679,-2.5224e-14,0,1,33.264,49.5,33.264,0
1,0.0031726,-2.5331e-14,0,1,33.363,49.5,33.363,0
1,0.0031773,-2.5438e-14,0,1,33.462,49.5,33.462,0
1,0.003182,-2.5546e-14,0,1,33.561,49.5,33.561,0
1,0.0031867,-2.5653e-14,0,1,33.66,49.5,33.66,0
1,0.0031913,-2.576e-14,0,1,33.759,49.5,33.759,0
1,0.003196,-2.5867e-14,0,1,33.858,49.5,33.858,0
1,0.0032007,-2.5974e-14,0,1,33.957,49.5,33.957,0
1,0.0032052,-2.6021e-14,0,1,34.056,49.5,34.056,0
1,0.0032096,-2.6021e-14,0,1,34.155,49.5,34.155,0
1,0.003214,-2.6021e-14,0,1,34.254,49.5,34.254,0
1,0.0032184,-2.6021e-14,0,1,34.353,49.5,34.353,0
1,0.0032228,-2.6021e-14,0,1,34.452,49.5,34.452,0
1,0.0032272,-2.6021e-14,0,1,34.551,49.5,34.551,0
1,0.0032316,-2.6021e-14,0,1,34.65,49.5,34.65,0
1,0.003236,-2.6021e-14,0,1,34.749,49.5,34.749,0
1,0.0032404,-2.6021e-14,0,1,34.848,49.5,34.848,0
1,0.0032448,-2.6021e-14,0,1,34.947,49.5,34.947,0
1,0.003249,-2.6065e-14,0,1,35.046,49.5,35.046,0
1,0.0032531,-2.616e-14,0,1,35.145,49.5,35.145,0
1,0.0032572,-2.6254e-14,0,1,35.244,49.5,35.244,0
1,0.0032613,-2.6349e-14,0,1,35.343,49.5,35.343,0
1,0.0032654,-2.6444e-14,0,1,35.442,49.5,35.442,0
1,0.0032695,-2.6539e-14,0,1,35.541,49.5,35.541,0
1,0.0032736,-2.6634e-14,0,1,35.64,49.5,35.64,0
1,0.0032777,-2.6728e-14,0,1,35.739,49.5,35.739,0
1,0.0032818,-2.6823e-14,0,1,35.838,49.5,35.838,0
1,0.0032859,-2.6918e-14,0,1,35.937,49.5,35.937,0
1,0.0032899,-2.6977e-14,0,1,36.036,49.5,36.036,0
1,0.0032937,-2.6973e-14,0,1,36.135,49.5,36.135,0
1,0.0032975,-2.6969e-14,0,1,36.234,49.5,36.234,0
1,0.0033013,-2.6965e-14,0,1,36.333,49.5,36.333,0
1,0.0033051,-2.696e-14,0,1,36.432,49.5,36.432,0
1,0.0033089,-2.6956e-14,0,1,36.531,49.5,36.531,0
1,0.0033127,-2.6952e-14,0,1,36.63,49.5,36.63,0
1,0.0033165,-2.6948e-14,0,1,36.729,49.5,36.729,0
1,0.0033203,-2.6944e-14,0,1,36.828,49.5,36.828,0
1,0.0033241,-2.694e-14,0,1,36.927,49.5,36.927,0
1,0.0033279,-2.6956e-14,0,1,37.026,49.5,37.026,0
1,0.0033314,-2.703e-14,0,1,37.125,49.5,37.125,0
1,0.0033349,-2.7105e-14,0,1,37.224,49.5,37.224,0
1,0.0033384,-2.7179e-14,0,1,37.323,49.5,37.323,0
1,0.0033419,-2.7253e-14,0,1,37.422,49.5,37.422,0
1,0.0033454,-2.7327e-14,0,1,37.521,49.5,37.521,0
1,0.0033489,-2.7401e-14,0,1,37.62,49.5,37.62,0
1,0.0033525,-2.7476e-14,0,1,37.719,49.5,37.719,0
1,0.003356,-2.755e-14,0,1,37.818,49.5,37.818,0
1,0.0033595,-2.7624e-14,0,1,37.917,49.5,37.917,0
1,0.0033629,-2.7675e-14,0,1,38.016,49.5,38.016,0
1,0.0033662,-2.7603e-14,0,1,38.115,49.5,38.115,0
1,0.0033694,-2.7532e-14,0,1,38.214,49.5,38.214,0
1,0.0033726,-2.746e-14,0,1,38.313,49.5,38.313,0
1,0.0033758,-2.7389e-14,0,1,38.412,49.5,38.412,0
1,0.003379,-2.7317e-14,0,1,38.511,49.5,38.511,0
1,0.0033823,-2.7246e-14,0,1,38.61,49.5,38.61,0
1,0.0033855,-2.7175e-14,0,1,38.709,49.5,38.709,0
1,0.0033887,-2.7103e-14,0,1,38.808,49.5,38.808,0
1,0.0033919,-2.7032e-14,0,1,38.907,49.5,38.907,0
1,0.0033951,-2.6968e-14,0,1,39.006,49.5,39.006,0
1,0.0033981,-2.7024e-14,0,1,39.105,49.5,39.105,0
1,0.003401,-2.7081e-14,0,1,39.204,49.5,39.204,0
1,0.0034039,-2.7137e-14,0,1,39.303,49.5,39.303,0
1,0.0034068,-2.7193e-14,0,1,39.402,49.5,39.402,0
1,0.0034098,-2.725e-14,0,1,39.501,49.5,39.501,0
1,0.0034127,-2.7306e-14,0,1,39.6,49.5,39.6,0
1,0.0034156,-2.7362e-14,0,1,39.699,49.5,39.699,0
1,0.0034185,-2.7419e-14,0,1,39.798,49.5,39.798,0
1,0.0034215,-2.7475e-14,0,1,39.897,49.5,39.897,0
1,0.0034244,-2.7531e-14,0,1,39.996,49.5,39.996,0
1,0.003427,-2.749e-14,0,1,40.095,49.5,40.095,0
1,0.0034297,-2.7445e-14,0,1,40.194,49.5,40.194,0
1,0.0034323,-2.7399e-14,0,1,40.293,49.5,40.293,0
1,0.0034349,-2.7354e-14,0,1,40.392,49.5,40.392,0
1,0.0034376,-2.7309e-14,0,1,40.491,49.5,40.491,0
1,0.0034402,-2.7263e-14,0,1,40.59,49.5,40.59,0
1,0.0034428,-2.7218e-14,0,1,40.689,49.5,40.689,0
1,0.0034455,-2.7173e-14,0,1,40.788,49.5,40.788,0
1,0.0034481,-2.7127e-14,0,1,40.887,49.5,40.887,0
1,0.0034507,-2.7082e-14,0,1,40.986,49.5,40.986,0
1,0.0034531,-2.7127e-14,0,1,41.085,49.5,41.085,0
1,0.0034555,-2.7188e-14,0,1,41.184,49.5,41.184,0
1,0.0034578,-2.7248e-14,0,1,41.283,49.5,41.283,0
1,0.0034602,-2.7309e-14,0,1,41.382,49.5,41.382,0
1,0.0034625,-2.7369e-14,0,1,41.481,49.5,41.481,0
1,0.0034648,-2.743e-14,0,1,41.58,49.5,41.58,0
1,0.0034672,-2.749e-14,0,1,41.679,49.5,41.679,0
1,0.0034695,-2.7551e-14,0,1,41.778,49.5,41.778,0
1,0.0034719,-2.7611e-14,0,1,41.877,49.5,41.877,0
1,0.0034742,-2.7672e-14,0,1,41.976,49.5,41.976,0
1,0.0034763,-2.7647e-14,0,1,42.075,49.5,42.075,0
1,0.0034784,-2.7594e-14,0,1,42.174,49.5,42.174,0
1,0.0034804,-2.7542e-14,0,1,42.273,49.5,42.273,0
1,0.0034825,-2.749e-14,0,1,42.372,49.5,42.372,0
1,0.0034845,-2.7438e-14,0,1,42.471,49.5,42.471,0
1,0.0034866,-2.7386e-14,0,1,42.57,49.5,42.57,0
1,0.0034886,-2.7333e-14,0,1,42.669,49.5,42.669,0
1,0.0034907,-2.7281e-14,0,1,42.768,49.5,42.768,0
1,0.0034927,-2.7229e-14,0,1,42.867,49.5,42.867,0
1,0.0034948,-2.7177e-14,0,1,42.966,49.5,42.966,0
1,0.0034966,-2.7209e-14,0,1,43.065,49.5,43.065,0
1,0.0034984,-2.7286e-14,0,1,43.164,49.5,43.164,0
1,0.0035001,-2.7363e-14,0,1,43.263,49.5,43.263,0
1,0.0035019,-2.744e-14,0,1,43.362,49.5,43.362,0
1,0.0035036,-2.7517e-14,0,1,43.461,49.5,43.461,0
1,0.0035054,-2.7594e-14,0,1,43.56,49.5,43.56,0
1,0.0035071,-2.7671e-14,0,1,43.659,49.5,43.659,0
1,0.0035089,-2.7748e-14,0,1,43.758,49.5,43.758,0
1,0.0035107,-2.7825e-14,0,1,43.857,49.5,43.857,0
1,0.0035124,-2.7902e-14,0,1,43.956,49.5,43.956,0
1,0.003514,-2.7905e-14,0,1,44.055,49.5,44.055,0
1,0.0035155,-2.7848e-14,0,1,44.154,49.5,44.154,0
1,0.0035169,-2.7792e-14,0,1,44.253,49.5,44.253,0
1,0.0035184,-2.7736e-14,0,1,44.352,49.5,44.352,0
1,0.0035199,-2.7679e-14,0,1,44.451,49.5,44.451,0
1,0.0035213,-2.7623e-14,0,1,44.55,49.5,44.55,0
1,0.0035228,-2.7567e-14,0,1,44.649,49.5,44.649,0
1,0.0035242,-2.751e-14,0,1,44.748,49.5,44.748,0
1,0.0035257,-2.7454e-14,0,1,44.847,49.5,44.847,0
1,0.0035272,-2.7398e-14,0,1,44.946,49.5,44.946,0
1,0.0035285,-2.7397e-14,0,1,45.045,49.5,45.045,0
1,0.0035297,-2.7463e-14,0,1,45.144,49.5,45.144,0
1,0.0035308,-2.7529e-14,0,1,45.243,49.5,45.243,0
1,0.003532,-2.7595e-14,0,1,45.342,49.5,45.342,0
1,0.0035332,-2.7661e-14,0,1,45.441,49.5,45.441,0
1,0.0035344,-2.7727e-14,0,1,45.54,49.5,45.54,0
1,0.0035355,-2.7793e-14,0,1,45.639,49.5,45.639,0
1,0.0035367,-2.7859e-14,0,1,45.738,49.5,45.738,0
1,0.0035379,-2.7925e-14,0,1,45.837,49.5,45.837,0
1,0.003539,-2.799e-14,0,1,45.936,49.5,45.936,0
1,0.0035401,-2.8022e-14,0,1,46.035,49.5,46.035,0
1,0.003541,-2.7992e-14,0,1,46.134,49.5,46.134,0
1,0.0035419,-2.7962e-14,0,1,46.233,49.5,46.233,0
1,0.0035427,-2.7932e-14,0,1,46.332,49.5,46.332,0
1,0.0035436,-2.7902e-14,0,1,46.431,49.5,46.431,0
1,0.0035445,-2.7871e-14,0,1,46.53,49.5,46.53,0
1,0.0035454,-2.7841e-14,0,1,46.629,49.5,46.629,0
1,0.0035462,-2.7811e-14,0,1,46.728,49.5,46.728,0
1,0.0035471,-2.7781e-14,0,1,46.827,49.5,46.827,0
1,0.003548,-2.775e-14,0,1,46.926,49.5,46.926,0
1,0.0035488,-2.7734e-14,0,1,47.025,49.5,47.025,0
1,0.0035494,-2.7761e-14,0,1,47.124,49.5,47.124,0
1,0.00355,-2.7787e-14,0,1,47.223,49.5,47.223,0
1,0.0035506,-2.7813e-14,0,1,47.322,49.5,47.322,0
1,0.0035511,-2.7839e-14,0,1,47.421,49.5,47.421,0
1,0.0035517,-2.7865e-14,0,1,47.52,49.5,47.52,0
1,0.0035523,-2.7891e-14,0,1,47.619,49.5,47.619,0
1,0.0035529,-2.7917e-14,0,1,47.718,49.5,47.718,0
1,0.0035535,-2.7943e-14,0,1,47.817,49.5,47.817,0
1,0.0035541,-2.7969e-14,0,1,47.916,49.5,47.916,0
1,0.0035546,-2.7989e-14,0,1,48.015,49.5,48.015,0
1,0.0035549,-2.7976e-14,0,1,48.114,49.5,48.114,0
1,0.0035552,-2.7962e-14,0,1,48.213,49.5,48.213,0
1,0.0035555,-2.7948e-14,0,1,48.312,49.5,48.312,0
1,0.0035558,-2.7934e-14,0,1,48.411,49.5,48.411,0
1,0.0035561,-2.7921e-14,0,1,48.51,49.5,48.51,0
1,0.0035564,-2.7907e-14,0,1,48.609,49.5,48.609,0
1,0.0035567,-2.7893e-14,0,1,48.708,49.5,48.708,0
1,0.003557,-2.788e-14,0,1,48.807,49.5,48.807,0
1,0.0035572,-2.7866e-14,0,1,48.906,49.5,48.906,0
1,0.0035575,-2.7852e-14,0,1,49.005,49.5,49.005,0
1,0.0035575,-2.7837e-14,0,1,49.104,49.5,49.104,0
1,0.0035575,-2.7822e-14,0,1,49.203,49.5,49.203,0
1,0.0035575,-2.7807e-14,0,1,49.302,49.5,49.302,0
1,0.0035575,-2.7792e-14,0,1,49.401,49.5,49.401,0
1,0.0035575,-2.7776e-14,0,1,49.5,49.5,49.5,0
1,0.0035575,-2.7761e-14,0,1,49.599,49.5,49.599,0
1,0.0035575,-2.7746e-14,0,1,49.698,49.5,49.698,0
1,0.0035575,-2.7731e-14,0,1,49.797,49.5,49.797,0
1,0.0035575,-2.7716e-14,0,1,49.896,49.5,49.896,0
1,0.0035575,-2.7701e-14,0,1,49.995,49.5,49.995,0
1,0.0035572,-2.77e-14,0,1,50.094,49.5,50.094,0
1,0.003557,-2.77e-14,0,1,50.193,49.5,50.193,0
1,0.0035567,-2.77e-14,0,1,50.292,49.5,50.292,0
1,0.0035564,-2.77e-14,0,1,50.391,49.5,50.391,0
1,0.0035561,-2.77e-14,0,1,50.49,49.5,50.49,0
1,0.0035558,-2.77e-14,0,1,50.589,49.5,50.589,0
1,0.0035555,-2.77e-14,0,1,50.688,49.5,50.688,0
1,0.0035552,-2.77e-14,0,1,50.787,49.5,50.787,0
1,0.0035549,-2.77e-14,0,1,50.886,49.5,50.886,0
1,0.0035546,-2.77e-14,0,1,50.985,49.5,50.985,0
1,0.0035541,-2.7732e-14,0,1,51.084,49.5,51.084,0
1,0.0035535,-2.7769e-14,0,1,51.183,49.5,51.183,0
1,0.0035529,-2.7806e-14,0,1,51.282,49.5,51.282,0
1,0.0035523,-2.7843e-14,0,1,51.381,49.5,51.381,0
1,0.0035517,-2.788e-14,0,1,51.48,49.5,51.48,0
1,0.0035511,-2.7917e-14,0,1,51.579,49.5,51.579,0
1,0.0035506,-2.7954e-14,0,1,51.678,49.5,51.678,0
1,0.00355,-2.7991e-14,0,1,51.777,49.5,51.777,0
1,0.0035494,-2.8028e-14,0,1,51.876,49.5,51.876,0
1,0.0035488,-2.8065e-14,0,1,51.975,49.5,51.975,0
1,0.003548,-2.807e-14,0,1,52.074,49.5,52.074,0
1,0.0035471,-2.8063e-14,0,1,52.173,49.5,52.173,0
1,0.0035462,-2.8056e-14,0,1,52.272,49.5,52.272,0
1,0.0035454,-2.8049e-14,0,1,52.371,49.5,52.371,0
1,0.0035445,-2.8042e-14,0,1,52.47,49.5,52.47,0
1,0.0035436,-2.8035e-14,0,1,52.569,49.5,52.569,0
1,0.0035427,-2.8028e-14,0,1,52.668,49.5,52.668,0
1,0.0035419,-2.8022e-14,0,1,52.767,49.5,52.767,0
1,0.003541,-2.8015e-14,0,1,52.866,49.5,52.866,0
1,0.0035401,-2.8008e-14,0,1,52.965,49.5,52.965,0
1,0.003539,-2.8016e-14,0,1,53.064,49.5,53.064,0
1,0.0035379,-2.8033e-14,0,1,53.163,49.5,53.163,0
1,0.0035367,-2.8049e-14,0,1,53.262,49.5,53.262,0
1,0.0035355,-2.8065e-14,0,1,53.361,49.5,53.361,0
1,0.0035344,-2.8082e-14,0,1,53.46,49.5,53.46,0
1,0.0035332,-2.8098e-14,0,1,53.559,49.5,53.559,0
1,0.003532,-2.8115e-14,0,1,53.658,49.5,53.658,0
1,0.0035308,-2.8131e-14,0,1,53.757,49.5,53.757,0
1,0.0035297,-2.8148e-14,0,1,53.856,49.5,53.856,0
1,0.0035285,-2.8164e-14,0,1,53.955,49.5,53.955,0
1,0.0035272,-2.815e-14,0,1,54.054,49.5,54.054,0
1,0.0035257,-2.811e-14,0,1,54.153,49.5,54.153,0
1,0.0035242,-2.807e-14,0,1,54.252,49.5,54.252,0
1,0.0035228,-2.8031e-14,0,1,54.351,49.5,54.351,0
1,0.0035213,-2.7991e-14,0,1,54.45,49.5,54.45,0
1,0.0035199,-2.7951e-14,0,1,54.549,49.5,54.549,0
1,0.0035184,-2.7911e-14,0,1,54.648,49.5,54.648,0
1,0.0035169,-2.7871e-14,0,1,54.747,49.5,54.747,0
1,0.0035155,-2.7831e-14,0,1,54.846,49.5,54.846,0
1,0.003514,-2.7792e-14,0,1,54.945,49.5,54.945,0
1,0.0035124,-2.7773e-14,0,1,55.044,49.5,55.044,0
1,0.0035107,-2.7781e-14,0,1,55.143,49.5,55.143,0
1,0.0035089,-2.779e-14,0,1,55.242,49.5,55.242,0
1,0.0035071,-2.7798e-14,0,1,55.341,49.5,55.341,0
1,0.0035054,-2.7806e-14,0,1,55.44,49.5,55.44,0
1,0.0035036,-2.7814e-14,0,1,55.539,49.5,55.539,0
1,0.0035019,-2.7823e-14,0,1,55.638,49.5,55.638,0
1,0.0035001,-2.7831e-14,0,1,55.737,49.5,55.737,0
1,0.0034984,-2.7839e-14,0,1,55.836,49.5,55.836,0
1,0.0034966,-2.7847e-14,0,1,55.935,49.5,55.935,0
1,0.0034948,-2.7837e-14,0,1,56.034,49.5,56.034,0
1,0.0034927,-2.7792e-14,0,1,56.133,49.5,56.133,0
1,0.0034907,-2.7746e-14,0,1,56.232,49.5,56.232,0
1,0.0034886,-2.7701e-14,0,1,56.331,49.5,56.331,0
1,0.0034866,-2.7656e-14,0,1,56.43,49.5,56.43,0
1,0.0034845,-2.761e-14,0,1,56.529,49.5,56.529,0
1,0.0034825,-2.7565e-14,0,1,56.628,49.5,56.628,0
1,0.0034804,-2.752e-14,0,1,56.727,49.5,56.727,0
1,0.0034784,-2.7474e-14,0,1,56.826,49.5,56.826,0
1,0.0034763,-2.7429e-14,0,1,56.925,49.5,56.925,0
1,0.0034742,-2.7394e-14,0,1,57.024,49.5,57.024,0
1,0.0034719,-2.7391e-14,0,1,57.123,49.5,57.123,0
1,0.0034695,-2.7389e-14,0,1,57.222,49.5,57.222,0
1,0.0034672,-2.7386e-14,0,1,57.321,49.5,57.321,0
1,0.0034648,-2.7383e-14,0,1,57.42,49.5,57.42,0
1,0.0034625,-2.738e-14,0,1,57.519,49.5,57.519,0
1,0.0034602,-2.7378e-14,0,1,57.618,49.5,57.618,0
1,0.0034578,-2.7375e-14,0,1,57.717,49.5,57.717,0
1,0.0034555,-2.7372e-14,0,1,57.816,49.5,57.816,0
1,0.0034531,-2.7369e-14,0,1,57.915,49.5,57.915,0
1,0.0034507,-2.7367e-14,0,1,58.014,49.5,58.014,0
1,0.0034481,-2.7369e-14,0,1,58.113,49.5,58.113,0
1,0.0034455,-2.737e-14,0,1,58.212,49.5,58.212,0
1,0.0034428,-2.7371e-14,0,1,58.311,49.5,58.311,0
1,0.0034402,-2.7373e-14,0,1,58.41,49.5,58.41,0
1,0.0034376,-2.7374e-14,0,1,58.509,49.5,58.509,0
1,0.0034349,-2.7375e-14,0,1,58.608,49.5,58.608,0
1,0.0034323,-2.7377e-14,0,1,58.707,49.5,58.707,0
1,0.0034297,-2.7378e-14,0,1,58.806,49.5,58.806,0
1,0.003427,-2.738e-14,0,1,58.905,49.5,58.905,0
1,0.0034244,-2.738e-14,0,1,59.004,49.5,59.004,0
1,0.0034215,-2.7361e-14,0,1,59.103,49.5,59.103,0
1,0.0034185,-2.7342e-14,0,1,59.202,49.5,59.202,0
1,0.0034156,-2.7322e-14,0,1,59.301,49.5,59.301,0
1,0.0034127,-2.7303e-14,0,1,59.4,49.5,59.4,0
1,0.0034098,-2.7284e-14,0,1,59.499,49.5,59.499,0
1,0.0034068,-2.7265e-14,0,1,59.598,49.5,59.598,0
1,0.0034039,-2.7245e-14,0,1,59.697,49.5,59.697,0
1,0.003401,-2.7226e-14,0,1,59.796,49.5,59.796,0
1,0.0033981,-2.7207e-14,0,1,59.895,49.5,59.895,0
1,0.0033951,-2.7188e-14,0,1,59.994,49.5,59.994,0
1,0.0033919,-2.7174e-14,0,1,60.093,49.5,60.093,0
1,0.0033887,-2.716e-14,0,1,60.192,49.5,60.192,0
1,0.0033855,-2.7146e-14,0,1,60.291,49.5,60.291,0
1,0.0033823,-2.7132e-14,0,1,60.39,49.5,60.39,0
1,0.003379,-2.7119e-14,0,1,60.489,49.5,60.489,0
1,0.0033758,-2.7105e-14,0,1,60.588,49.5,60.588,0
1,0.0033726,-2.7091e-14,0,1,60.687,49.5,60.687,0
1,0.0033694,-2.7078e-14,0,1,60.786,49.5,60.786,0
1,0.0033662,-2.7064e-14,0,1,60.885,49.5,60.885,0
1,0.0033629,-2.705e-14,0,1,60.984,49.5,60.984,0
1,0.0033595,-2.705e-14,0,1,61.083,49.5,61.083,0
1,0.003356,-2.7053e-14,0,1,61.182,49.5,61.182,0
1,0.0033525,-2.7056e-14,0,1,61.281,49.5,61.281,0
1,0.0033489,-2.7058e-14,0,1,61.38,49.5,61.38,0
1,0.0033454,-2.7061e-14,0,1,61.479,49.5,61.479,0
1,0.0033419,-2.7064e-14,0,1,61.578,49.5,61.578,0
1,0.0033384,-2.7067e-14,0,1,61.677,49.5,61.677,0
1,0.0033349,-2.7069e-14,0,1,61.776,49.5,61.776,0
1,0.0033314,-2.7072e-14,0,1,61.875,49.5,61.875,0
1,0.0033279,-2.7075e-14,0,1,61.974,49.5,61.974,0
1,0.0033241,-2.7042e-14,0,1,62.073,49.5,62.073,0
1,0.0033203,-2.6997e-14,0,1,62.172,49.5,62.172,0
1,0.0033165,-2.6951e-14,0,1,62.271,49.5,62.271,0
1,0.0033127,-2.6906e-14,0,1,62.37,49.5,62.37,0
1,0.0033089,-2.6861e-14,0,1,62.469,49.5,62.469,0
1,0.0033051,-2.6815e-14,0,1,62.568,49.5,62.568,0
1,0.0033013,-2.677e-14,0,1,62.667,49.5,62.667,0
1,0.0032975,-2.6725e-14,0,1,62.766,49.5,62.766,0
1,0.0032937,-2.6679e-14,0,1,62.865,49.5,62.865,0
1,0.0032899,-2.6634e-14,0,1,62.964,49.5,62.964,0
1,0.0032859,-2.6611e-14,0,1,63.063,49.5,63.063,0
1,0.0032818,-2.66e-14,0,1,63.162,49.5,63.162,0
1,0.0032777,-2.6589e-14,0,1,63.261,49.5,63.261,0
1,0.0032736,-2.6578e-14,0,1,63.36,49.5,63.36,0
1,0.0032695,-2.6567e-14,0,1,63.459,49.5,63.459,0
1,0.0032654,-2.6556e-14,0,1,63.558,49.5,63.558,0
1,0.0032613,-2.6545e-14,0,1,63.657,49.5,63.657,0
1,0.0032572,-2.6534e-14,0,1,63.756,49.5,63.756,0
1,0.0032531,-2.6523e-14,0,1,63.855,49.5,63.855,0
1,0.003249,-2.6512e-14,0,1,63.954,49.5,63.954,0
1,0.0032448,-2.6481e-14,0,1,64.053,49.5,64.053,0
1,0.0032404,-2.6433e-14,0,1,64.152,49.5,64.152,0
1,0.003236,-2.6385e-14,0,1,64.251,49.5,64.251,0
1,0.0032316,-2.6337e-14,0,1,64.35,49.5,64.35,0
1,0.0032272,-2.6288e-14,0,1,64.449,49.5,64.449,0
1,0.0032228,-2.624e-14,0,1,64.548,49.5,64.548,0
1,0.0032184,-2.6192e-14,0,1,64.647,49.5,64.647,0
1,0.003214,-2.6144e-14,0,1,64.746,49.5,64.746,0
1,0.0032096,-2.6096e-14,0,1,64.845,49.5,64.845,0
1,0.0032052,-2.6048e-14,0,1,64.944,49.5,64.944,0
1,0.0032007,-2.6007e-14,0,1,65.043,49.5,65.043,0
1,0.003196,-2.5974e-14,0,1,65.142,49.5,65.142,0
1,0.0031913,-2.5941e-14,0,1,65.241,49.5,65.241,0
1,0.0031867,-2.5908e-14,0,1,65.34,49.5,65.34,0
1,0.003182,-2.5875e-14,0,1,65.439,49.5,65.439,0
1,0.0031773,-2.5842e-14,0,1,65.538,49.5,65.538,0
1,0.0031726,-2.5809e-14,0,1,65.637,49.5,65.637,0
1,0.0031679,-2.5776e-14,0,1,65.736,49.5,65.736,0
1,0.0031632,-2.5743e-14,0,1,65.835,49.5,65.835,0
1,0.0031586,-2.571e-14,0,1,65.934,49.5,65.934,0
1,0.0031538,-2.5672e-14,0,1,66.033,49.5,66.033,0
1,0.0031488,-2.5624e-14,0,1,66.132,49.5,66.132,0
1,0.0031438,-2.5576e-14,0,1,66.231,49.5,66.231,0
1,0.0031388,-2.5527e-14,0,1,66.33,49.5,66.33,0
1,0.0031339,-2.5479e-14,0,1,66.429,49.5,66.429,0
1,0.0031289,-2.5431e-14,0,1,66.528,49.5,66.528,0
1,0.0031239,-2.5383e-14,0,1,66.627,49.5,66.627,0
1,0.0031189,-2.5335e-14,0,1,66.726,49.5,66.726,0
1,0.0031139,-2.5287e-14,0,1,66.825,49.5,66.825,0
1,0.003109,-2.5239e-14,0,1,66.924,49.5,66.924,0
1,0.0031039,-2.5192e-14,0,1,67.023,49.5,67.023,0
1,0.0030987,-2.5146e-14,0,1,67.122,49.5,67.122,0
1,0.0030934,-2.5101e-14,0,1,67.221,49.5,67.221,0
1,0.0030881,-2.5056e-14,0,1,67.32,49.5,67.32,0
1,0.0030828,-2.501e-14,0,1,67.419,49.5,67.419,0
1,0.0030776,-2.4965e-14,0,1,67.518,49.5,67.518,0
1,0.0030723,-2.4919e-14,0,1,67.617,49.5,67.617,0
1,0.003067,-2.4874e-14,0,1,67.716,49.5,67.716,0
1,0.0030618,-2.4829e-14,0,1,67.815,49.5,67.815,0
1,0.0030565,-2.4783e-14,0,1,67.914,49.5,67.914,0
1,0.0030512,-2.4735e-14,0,1,68.013,49.5,68.013,0
1,0.0030456,-2.4669e-14,0,1,68.112,49.5,68.112,0
1,0.00304,-2.4604e-14,0,1,68.211,49.5,68.211,0
1,0.0030345,-2.4538e-14,0,1,68.31,49.5,68.31,0
1,0.0030289,-2.4472e-14,0,1,68.409,49.5,68.409,0
1,0.0030234,-2.4406e-14,0,1,68.508,49.5,68.508,0
1,0.0030178,-2.434e-14,0,1,68.607,49.5,68.607,0
1,0.0030122,-2.4274e-14,0,1,68.706,49.5,68.706,0
1,0.0030067,-2.4208e-14,0,1,68.805,49.5,68.805,0
1,0.0030011,-2.4142e-14,0,1,68.904,49.5,68.904,0
1,0.0029955,-2.4077e-14,0,1,69.003,49.5,69.003,0
1,0.0029897,-2.406e-14,0,1,69.102,49.5,69.102,0
1,0.0029838,-2.4042e-14,0,1,69.201,49.5,69.201,0
1,0.0029779,-2.4024e-14,0,1,69.3,49.5,69.3,0
1,0.0029721,-2.4006e-14,0,1,69.399,49.5,69.399,0
1,0.0029662,-2.3988e-14,0,1,69.498,49.5,69.498,0
1,0.0029604,-2.397e-14,0,1,69.597,49.5,69.597,0
1,0.0029545,-2.3952e-14,0,1,69.696,49.5,69.696,0
1,0.0029487,-2.3935e-14,0,1,69.795,49.5,69.795,0
1,0.0029428,-2.3917e-14,0,1,69.894,49.5,69.894,0
1,0.0029369,-2.3899e-14,0,1,69.993,49.5,69.993,0
1,0.0029308,-2.3859e-14,0,1,70.092,49.5,70.092,0
1,0.0029247,-2.3818e-14,0,1,70.191,49.5,70.191,0
1,0.0029185,-2.3777e-14,0,1,70.29,49.5,70.29,0
1,0.0029124,-2.3736e-14,0,1,70.389,49.5,70.389,0
1,0.0029062,-2.3694e-14,0,1,70.488,49.5,70.488,0
1,0.0029001,-2.3653e-14,0,1,70.587,49.5,70.587,0
1,0.0028939,-2.3612e-14,0,1,70.686,49.5,70.686,0
1,0.0028878,-2.3571e-14,0,1,70.785,49.5,70.785,0
1,0.0028816,-2.353e-14,0,1,70.884,49.5,70.884,0
1,0.0028754,-2.3488e-14,0,1,70.983,49.5,70.983,0
1,0.0028691,-2.3466e-14,0,1,71.082,49.5,71.082,0
1,0.0028626,-2.3449e-14,0,1,71.181,49.5,71.181,0
1,0.0028562,-2.3431e-14,0,1,71.28,49.5,71.28,0
1,0.0028497,-2.3413e-14,0,1,71.379,49.5,71.379,0
1,0.0028433,-2.3395e-14,0,1,71.478,49.5,71.478,0
1,0.0028368,-2.3377e-14,0,1,71.577,49.5,71.577,0
1,0.0028304,-2.3359e-14,0,1,71.676,49.5,71.676,0
1,0.0028239,-2.3341e-14,0,1,71.775,49.5,71.775,0
1,0.0028175,-2.3324e-14,0,1,71.874,49.5,71.874,0
1,0.002811,-2.3306e-14,0,1,71.973,49.5,71.973,0
1,0.0028044,-2.3254e-14,0,1,72.072,49.5,72.072,0
1,0.0027977,-2.3189e-14,0,1,72.171,49.5,72.171,0
1,0.0027909,-2.3125e-14,0,1,72.27,49.5,72.27,0
1,0.0027842,-2.306e-14,0,1,72.369,49.5,72.369,0
1,0.0027774,-2.2996e-14,0,1,72.468,49.5,72.468,0
1,0.0027707,-2.2931e-14,0,1,72.567,49.5,72.567,0
1,0.002764,-2.2866e-14,0,1,72.666,49.5,72.666,0
1,0.0027572,-2.2802e-14,0,1,72.765,49.5,72.765,0
1,0.0027505,-2.2737e-14,0,1,72.864,49.5,72.864,0
1,0.0027437,-2.2673e-14,0,1,72.963,49.5,72.963,0
1,0.0027368,-2.2636e-14,0,1,73.062,49.5,73.062,0
1,0.0027298,-2.2615e-14,0,1,73.161,49.5,73.161,0
1,0.0027228,-2.2594e-14,0,1,73.26,49.5,73.26,0
1,0.0027157,-2.2574e-14,0,1,73.359,49.5,73.359,0
1,0.0027087,-2.2553e-14,0,1,73.458,49.5,73.458,0
1,0.0027017,-2.2533e-14,0,1,73.557,49.5,73.557,0
1,0.0026946,-2.2512e-14,0,1,73.656,49.5,73.656,0
1,0.0026876,-2.2491e-14,0,1,73.755,49.5,73.755,0
1,0.0026806,-2.2471e-14,0,1,73.854,49.5,73.854,0
1,0.0026735,-2.245e-14,0,1,73.953,49.5,73.953,0
1,0.0026663,-2.2406e-14,0,1,74.052,49.5,74.052,0
1,0.002659,-2.234e-14,0,1,74.151,49.5,74.151,0
1,0.0026517,-2.2274e-14,0,1,74.25,49.5,74.25,0
1,0.0026444,-2.2208e-14,0,1,74.349,49.5,74.349,0
1,0.002637,-2.2142e-14,0,1,74.448,49.5,74.448,0
1,0.0026297,-2.2076e-14,0,1,74.547,49.5,74.547,0
1,0.0026224,-2.201e-14,0,1,74.646,49.5,74.646,0
1,0.0026151,-2.1944e-14,0,1,74.745,49.5,74.745,0
1,0.0026077,-2.1878e-14,0,1,74.844,49.5,74.844,0
1,0.0026004,-2.1812e-14,0,1,74.943,49.5,74.943,0
1,0.002593,-2.1754e-14,0,1,75.042,49.5,75.042,0
1,0.0025853,-2.1708e-14,0,1,75.141,49.5,75.141,0
1,0.0025777,-2.1661e-14,0,1,75.24,49.5,75.24,0
1,0.0025701,-2.1614e-14,0,1,75.339,49.5,75.339,0
1,0.0025625,-2.1568e-14,0,1,75.438,49.5,75.438,0
1,0.0025548,-2.1521e-14,0,1,75.537,49.5,75.537,0
1,0.0025472,-2.1474e-14,0,1,75.636,49.5,75.636,0
1,0.0025396,-2.1427e-14,0,1,75.735,49.5,75.735,0
1,0.002532,-2.1381e-14,0,1,75.834,49.5,75.834,0
1,0.0025244,-2.1334e-14,0,1,75.933,49.5,75.933,0
1,0.0025167,-2.1275e-14,0,1,76.032,49.5,76.032,0
1,0.0025087,-2.1192e-14,0,1,76.131,49.5,76.131,0
1,0.0025008,-2.1108e-14,0,1,76.23,49.5,76.23,0
1,0.0024929,-2.1024e-14,0,1,76.329,49.5,76.329,0
1,0.002485,-2.094e-14,0,1,76.428,49.5,76.428,0
1,0.0024771,-2.0856e-14,0,1,76.527,49.5,76.527,0
1,0.0024692,-2.0772e-14,0,1,76.626,49.5,76.626,0
1,0.0024613,-2.0689e-14,0,1,76.725,49.5,76.725,0
1,0.0024533,-2.0605e-14,0,1,76.824,49.5,76.824,0
1,0.0024454,-2.0521e-14,0,1,76.923,49.5,76.923,0
1,0.0024374,-2.0447e-14,0,1,77.022,49.5,77.022,0
1,0.0024292,-2.0409e-14,0,1,77.121,49.5,77.121,0
1,0.002421,-2.037e-14,0,1,77.22,49.5,77.22,0
1,0.0024128,-2.0332e-14,0,1,77.319,49.5,77.319,0
1,0.0024046,-2.0293e-14,0,1,77.418,49.5,77.418,0
1,0.0023964,-2.0255e-14,0,1,77.517,49.5,77.517,0
1,0.0023882,-2.0216e-14,0,1,77.616,49.5,77.616,0
1,0.00238,-2.0178e-14,0,1,77.715,49.5,77.715,0
1,0.0023718,-2.014e-14,0,1,77.814,49.5,77.814,0
1,0.0023636,-2.0101e-14,0,1,77.913,49.5,77.913,0
1,0.0023553,-2.0057e-14,0,1,78.012,49.5,78.012,0
1,0.0023468,-1.9973e-14,0,1,78.111,49.5,78.111,0
1,0.0023383,-1.989e-14,0,1,78.21,49.5,78.21,0
1,0.0023298,-1.9806e-14,0,1,78.309,49.5,78.309,0
1,0.0023213,-1.9722e-14,0,1,78.408,49.5,78.408,0
1,0.0023128,-1.9638e-14,0,1,78.507,49.5,78.507,0
1,0.0023043,-1.9554e-14,0,1,78.606,49.5,78.606,0
1,0.0022958,-1.947e-14,0,1,78.705,49.5,78.705,0
1,0.0022873,-1.9387e-14,0,1,78.804,49.5,78.804,0
1,0.0022788,-1.9303e-14,0,1,78.903,49.5,78.903,0
1,0.0022703,-1.9219e-14,0,1,79.002,49.5,79.002,0
1,0.0022615,-1.9141e-14,0,1,79.101,49.5,79.101,0
1,0.0022527,-1.9063e-14,0,1,79.2,49.5,79.2,0
1,0.0022439,-1.8984e-14,0,1,79.299,49.5,79.299,0
1,0.0022351,-1.8906e-14,0,1,79.398,49.5,79.398,0
1,0.0022263,-1.8828e-14,0,1,79.497,49.5,79.497,0
1,0.0022175,-1.8749e-14,0,1,79.596,49.5,79.596,0
1,0.0022087,-1.8671e-14,0,1,79.695,49.5,79.695,0
1,0.0021999,-1.8593e-14,0,1,79.794,49.5,79.794,0
1,0.0021911,-1.8514e-14,0,1,79.893,49.5,79.893,0
1,0.0021823,-1.8436e-14,0,1,79.992,49.5,79.992,0
1,0.0021732,-1.8324e-14,0,1,80.091,49.5,80.091,0
1,0.0021641,-1.8208e-14,0,1,80.19,49.5,80.19,0
1,0.0021551,-1.8093e-14,0,1,80.289,49.5,80.289,0
1,0.002146,-1.7977e-14,0,1,80.388,49.5,80.388,0
1,0.0021369,-1.7862e-14,0,1,80.487,49.5,80.487,0
1,0.0021278,-1.7747e-14,0,1,80.586,49.5,80.586,0
1,0.0021187,-1.7631e-14,0,1,80.685,49.5,80.685,0
1,0.0021096,-1.7516e-14,0,1,80.784,49.5,80.784,0
1,0.0021005,-1.74e-14,0,1,80.883,49.5,80.883,0
1,0.0020914,-1.7285e-14,0,1,80.982,49.5,80.982,0
1,0.0020821,-1.7195e-14,0,1,81.081,49.5,81.081,0
1,0.0020727,-1.7112e-14,0,1,81.18,49.5,81.18,0
1,0.0020633,-1.7028e-14,0,1,81.279,49.5,81.279,0
1,0.0020539,-1.6944e-14,0,1,81.378,49.5,81.378,0
1,0.0020445,-1.686e-14,0,1,81.477,49.5,81.477,0
1,0.0020351,-1.6776e-14,0,1,81.576,49.5,81.576,0
1,0.0020258,-1.6693e-14,0,1,81.675,49.5,81.675,0
1,0.0020164,-1.6609e-14,0,1,81.774,49.5,81.774,0
1,0.002007,-1.6525e-14,0,1,81.873,49.5,81.873,0
1,0.0019976,-1.6441e-14,0,1,81.972,49.5,81.972,0
1,0.001988,-1.636e-14,0,1,82.071,49.5,82.071,0
1,0.0019783,-1.6281e-14,0,1,82.17,49.5,82.17,0
1,0.0019686,-1.6201e-14,0,1,82.269,49.5,82.269,0
1,0.001959,-1.6121e-14,0,1,82.368,49.5,82.368,0
1,0.0019493,-1.6042e-14,0,1,82.467,49.5,82.467,0
1,0.0019396,-1.5962e-14,0,1,82.566,49.5,82.566,0
1,0.0019299,-1.5882e-14,0,1,82.665,49.5,82.665,0
1,0.0019202,-1.5802e-14,0,1,82.764,49.5,82.764,0
1,0.0019106,-1.5723e-14,0,1,82.863,49.5,82.863,0
1,0.0019009,-1.5643e-14,0,1,82.962,49.5,82.962,0
1,0.001891,-1.5569e-14,0,1,83.061,49.5,83.061,0
1,0.001881,-1.5499e-14,0,1,83.16,49.5,83.16,0
1,0.0018711,-1.5429e-14,0,1,83.259,49.5,83.259,0
1,0.0018611,-1.5359e-14,0,1,83.358,49.5,83.358,0
1,0.0018511,-1.5289e-14,0,1,83.457,49.5,83.457,0
1,0.0018411,-1.5219e-14,0,1,83.556,49.5,83.556,0
1,0.0018311,-1.5149e-14,0,1,83.655,49.5,83.655,0
1,0.0018212,-1.5079e-14,0,1,83.754,49.5,83.754,0
1,0.0018112,-1.5009e-14,0,1,83.853,49.5,83.853,0
1,0.0018012,-1.4939e-14,0,1,83.952,49.5,83.952,0
1,0.0017911,-1.4859e-14,0,1,84.051,49.5,84.051,0
1,0.0017808,-1.4772e-14,0,1,84.15,49.5,84.15,0
1,0.0017705,-1.4684e-14,0,1,84.249,49.5,84.249,0
1,0.0017603,-1.4596e-14,0,1,84.348,49.5,84.348,0
1,0.00175,-1.4508e-14,0,1,84.447,49.5,84.447,0
1,0.0017397,-1.442e-14,0,1,84.546,49.5,84.546,0
1,0.0017295,-1.4332e-14,0,1,84.645,49.5,84.645,0
1,0.0017192,-1.4244e-14,0,1,84.744,49.5,84.744,0
1,0.0017089,-1.4156e-14,0,1,84.843,49.5,84.843,0
1,0.0016986,-1.4068e-14,0,1,84.942,49.5,84.942,0
1,0.0016883,-1.3975e-14,0,1,85.041,49.5,85.041,0
1,0.0016777,-1.3875e-14,0,1,85.14,49.5,85.14,0
1,0.0016671,-1.3774e-14,0,1,85.239,49.5,85.239,0
1,0.0016566,-1.3674e-14,0,1,85.338,49.5,85.338,0
1,0.001646,-1.3574e-14,0,1,85.437,49.5,85.437,0
1,0.0016354,-1.3474e-14,0,1,85.536,49.5,85.536,0
1,0.0016249,-1.3373e-14,0,1,85.635,49.5,85.635,0
1,0.0016143,-1.3273e-14,0,1,85.734,49.5,85.734,0
1,0.0016037,-1.3173e-14,0,1,85.833,49.5,85.833,0
1,0.0015932,-1.3072e-14,0,1,85.932,49.5,85.932,0
1,0.0015825,-1.2981e-14,0,1,86.031,49.5,86.031,0
1,0.0015716,-1.2908e-14,0,1,86.13,49.5,86.13,0
1,0.0015608,-1.2835e-14,0,1,86.229,49.5,86.229,0
1,0.0015499,-1.2762e-14,0,1,86.328,49.5,86.328,0
1,0.0015391,-1.2689e-14,0,1,86.427,49.5,86.427,0
1,0.0015282,-1.2617e-14,0,1,86.526,49.5,86.526,0
1,0.0015173,-1.2544e-14,0,1,86.625,49.5,86.625,0
1,0.0015065,-1.2471e-14,0,1,86.724,49.5,86.724,0
1,0.0014956,-1.2398e-14,0,1,86.823,49.5,86.823,0
1,0.0014847,-1.2325e-14,0,1,86.922,49.5,86.922,0
1,0.0014738,-1.2244e-14,0,1,87.021,49.5,87.021,0
1,0.0014627,-1.2131e-14,0,1,87.12,49.5,87.12,0
1,0.0014515,-1.2019e-14,0,1,87.219,49.5,87.219,0
1,0.0014403,-1.1906e-14,0,1,87.318,49.5,87.318,0
1,0.0014292,-1.1793e-14,0,1,87.417,49.5,87.417,0
1,0.001418,-1.1681e-14,0,1,87.516,49.5,87.516,0
1,0.0014069,-1.1568e-14,0,1,87.615,49.5,87.615,0
1,0.0013957,-1.1455e-14,0,1,87.714,49.5,87.714,0
1,0.0013846,-1.1343e-14,0,1,87.813,49.5,87.813,0
1,0.0013734,-1.123e-14,0,1,87.912,49.5,87.912,0
1,0.0013622,-1.1121e-14,0,1,88.011,49.5,88.011,0
1,0.0013508,-1.1037e-14,0,1,88.11,49.5,88.11,0
1,0.0013393,-1.0953e-14,0,1,88.209,49.5,88.209,0
1,0.0013279,-1.0869e-14,0,1,88.308,49.5,88.308,0
1,0.0013164,-1.0785e-14,0,1,88.407,49.5,88.407,0
1,0.0013049,-1.0702e-14,0,1,88.506,49.5,88.506,0
1,0.0012935,-1.0618e-14,0,1,88.605,49.5,88.605,0
1,0.001282,-1.0534e-14,0,1,88.704,49.5,88.704,0
1,0.0012706,-1.045e-14,0,1,88.803,49.5,88.803,0
1,0.0012591,-1.0366e-14,0,1,88.902,49.5,88.902,0
1,0.0012477,-1.0282e-14,0,1,89.001,49.5,89.001,0
1,0.0012359,-1.0177e-14,0,1,89.1,49.5,89.1,0
1,0.0012242,-1.0071e-14,0,1,89.199,49.5,89.199,0
1,0.0012124,-9.965e-15,0,1,89.298,49.5,89.298,0
1,0.0012007,-9.8592e-15,0,1,89.397,49.5,89.397,0
1,0.0011889,-9.7534e-15,0,1,89.496,49.5,89.496,0
1,0.0011772,-9.6476e-15,0,1,89.595,49.5,89.595,0
1,0.0011654,-9.5418e-15,0,1,89.694,49.5,89.694,0
1,0.0011537,-9.436e-15,0,1,89.793,49.5,89.793,0
1,0.0011419,-9.3303e-15,0,1,89.892,49.5,89.892,0
1,0.0011302,-9.2245e-15,0,1,89.991,49.5,89.991,0
1,0.0011182,-9.1362e-15,0,1,90.09,49.5,90.09,0
1,0.0011061,-9.0496e-15,0,1,90.189,49.5,90.189,0
1,0.0010941,-8.9631e-15,0,1,90.288,49.5,90.288,0
1,0.001082,-8.8765e-15,0,1,90.387,49.5,90.387,0
1,0.00107,-8.7899e-15,0,1,90.486,49.5,90.486,0
1,0.001058,-8.7034e-15,0,1,90.585,49.5,90.585,0
1,0.0010459,-8.6168e-15,0,1,90.684,49.5,90.684,0
1,0.0010339,-8.5303e-15,0,1,90.783,49.5,90.783,0
1,0.0010218,-8.4437e-15,0,1,90.882,49.5,90.882,0
1,0.0010098,-8.3572e-15,0,1,90.981,49.5,90.981,0
1,0.0009975,-8.2773e-15,0,1,91.08,49.5,91.08,0
1,0.00098516,-8.199e-15,0,1,91.179,49.5,91.179,0
1,0.00097282,-8.1206e-15,0,1,91.278,49.5,91.278,0
1,0.00096048,-8.0423e-15,0,1,91.377,49.5,91.377,0
1,0.00094814,-7.964e-15,0,1,91.476,49.5,91.476,0
1,0.0009358,-7.8857e-15,0,1,91.575,49.5,91.575,0
1,0.00092346,-7.8074e-15,0,1,91.674,49.5,91.674,0
1,0.00091112,-7.7291e-15,0,1,91.773,49.5,91.773,0
1,0.00089878,-7.6508e-15,0,1,91.872,49.5,91.872,0
1,0.00088644,-7.5725e-15,0,1,91.971,49.5,91.971,0
1,0.00087389,-7.4932e-15,0,1,92.07,49.5,92.07,0
1,0.00086125,-7.4135e-15,0,1,92.169,49.5,92.169,0
1,0.00084862,-7.3338e-15,0,1,92.268,49.5,92.268,0
1,0.00083598,-7.2541e-15,0,1,92.367,49.5,92.367,0
1,0.00082334,-7.1744e-15,0,1,92.466,49.5,92.466,0
1,0.00081071,-7.0947e-15,0,1,92.565,49.5,92.565,0
1,0.00079807,-7.0151e-15,0,1,92.664,49.5,92.664,0
1,0.00078543,-6.9354e-15,0,1,92.763,49.5,92.763,0
1,0.0007728,-6.8557e-15,0,1,92.862,49.5,92.862,0
1,0.00076016,-6.776e-15,0,1,92.961,49.5,92.961,0
1,0.00074735,-6.6563e-15,0,1,93.06,49.5,93.06,0
1,0.00073441,-6.5107e-15,0,1,93.159,49.5,93.159,0
1,0.00072148,-6.3651e-15,0,1,93.258,49.5,93.258,0
1,0.00070855,-6.2194e-15,0,1,93.357,49.5,93.357,0
1,0.00069562,-6.0738e-15,0,1,93.456,49.5,93.456,0
1,0.00068268,-5.9282e-15,0,1,93.555,49.5,93.555,0
1,0.00066975,-5.7825e-15,0,1,93.654,49.5,93.654,0
1,0.00065682,-5.6369e-15,0,1,93.753,49.5,93.753,0
1,0.00064389,-5.4913e-15,0,1,93.852,49.5,93.852,0
1,0.00063095,-5.3456e-15,0,1,93.951,49.5,93.951,0
1,0.00061787,-5.2194e-15,0,1,94.05,49.5,94.05,0
1,0.00060464,-5.1123e-15,0,1,94.149,49.5,94.149,0
1,0.00059141,-5.0051e-15,0,1,94.248,49.5,94.248,0
1,0.00057818,-4.8979e-15,0,1,94.347,49.5,94.347,0
1,0.00056496,-4.7908e-15,0,1,94.446,49.5,94.446,0
1,0.00055173,-4.6836e-15,0,1,94.545,49.5,94.545,0
1,0.0005385,-4.5765e-15,0,1,94.644,49.5,94.644,0
1,0.00052527,-4.4693e-15,0,1,94.743,49.5,94.743,0
1,0.00051204,-4.3621e-15,0,1,94.842,49.5,94.842,0
1,0.00049881,-4.255e-15,0,1,94.941,49.5,94.941,0
1,0.00048546,-4.1556e-15,0,1,95.04,49.5,95.04,0
1,0.00047194,-4.0676e-15,0,1,95.139,49.5,95.139,0
1,0.00045841,-3.9797e-15,0,1,95.238,49.5,95.238,0
1,0.00044489,-3.8918e-15,0,1,95.337,49.5,95.337,0
1,0.00043136,-3.8038e-15,0,1,95.436,49.5,95.436,0
1,0.00041784,-3.7159e-15,0,1,95.535,49.5,95.535,0
1,0.00040431,-3.628e-15,0,1,95.634,49.5,95.634,0
1,0.00039078,-3.5401e-15,0,1,95.733,49.5,95.733,0
1,0.00037726,-3.4521e-15,0,1,95.832,49.5,95.832,0
1,0.00036373,-3.3642e-15,0,1,95.931,49.5,95.931,0
1,0.00035012,-3.2729e-15,0,1,96.03,49.5,96.03,0
1,0.0003363,-3.174e-15,0,1,96.129,49.5,96.129,0
1,0.00032248,-3.0751e-15,0,1,96.228,49.5,96.228,0
1,0.00030865,-2.9762e-15,0,1,96.327,49.5,96.327,0
1,0.00029483,-2.8773e-15,0,1,96.426,49.5,96.426,0
1,0.00028101,-2.7783e-15,0,1,96.525,49.5,96.525,0
1,0.00026719,-2.6794e-15,0,1,96.624,49.5,96.624,0
1,0.00025336,-2.5805e-15,0,1,96.723,49.5,96.723,0
1,0.00023954,-2.4816e-15,0,1,96.822,49.5,96.822,0
1,0.00022572,-2.3827e-15,0,1,96.921,49.5,96.921,0
1,0.00021184,-2.2773e-15,0,1,97.02,49.5,97.02,0
1,0.00019772,-2.1468e-15,0,1,97.119,49.5,97.119,0
1,0.0001836,-2.0163e-15,0,1,97.218,49.5,97.218,0
1,0.00016948,-1.8858e-15,0,1,97.317,49.5,97.317,0
1,0.00015536,-1.7553e-15,0,1,97.416,49.5,97.416,0
1,0.00014124,-1.6247e-15,0,1,97.515,49.5,97.515,0
1,0.00012713,-1.4942e-15,0,1,97.614,49.5,97.614,0
1,0.00011301,-1.3637e-15,0,1,97.713,49.5,97.713,0
1,9.8889e-05,-1.2332e-15,0,1,97.812,49.5,97.812,0
1,8.4769e-05,-1.1027e-15,0,1,97.911,49.5,97.911,0
1,7.1381e-05,-2.0835e-14,0,1,98.01,49.5,98.01,0
1,6.449e-05,-2.173e-13,0,1,98.109,49.5,98.109,0
1,5.76e-05,-4.1376e-13,0,1,98.208,49.5,98.208,0
1,5.071e-05,-6.1022e-13,0,1,98.307,49.5,98.307,0
1,4.3819e-05,-8.0669e-13,0,1,98.406,49.5,98.406,0
1,3.6929e-05,-1.0032e-12,0,1,98.505,49.5,98.505,0
1,3.0039e-05,-1.1996e-12,0,1,98.604,49.5,98.604,0
1,2.3148e-05,-1.3961e-12,0,1,98.703,49.5,98.703,0
1,1.6258e-05,-1.5926e-12,0,1,98.802,49.5,98.802,0
1,9.3672e-06,-1.789e-12,0,1,98.901,49.5,98.901,0
1,2.4769e-06,-1.9855e-12,0,1,99,49.5,99,0
